sequence,gt_id,event_frame,start_frame,end_frame,event_type,candidate_score,sam2_window_mean_iou,samurai_window_mean_iou,stateful_window_mean_iou,sam2_window_coverage50,samurai_window_coverage50,stateful_window_coverage50,stateful_delta_vs_sam2,stateful_delta_vs_samurai,stateful_coverage_gain_vs_sam2,stateful_true_state_rate,stateful_max_miss_count,stateful_fallback_modes,reason,sam2_output,samurai_output,stateful_output,stateful_debug,gt_path,checkpoint,provenance_status
dancetrack0007,6,675,673,678,strong_stateful_improvement,0.9563108185901525,0.0,0.0,0.9938513643169209,0.0,0.0,1.0,0.9938513643169209,0.9938513643169209,1.0,1.0,0,,stateful mean IoU 0.994 vs SAM2 0.000; coverage@0.5 1.000 vs 0.000; SAMURAI mean IoU 0.000,/mnt/HDD10TB-2/aburatani/2025_03_aburatani_sam2/results/sam2/sam2_tiny/dancetrack0007.txt,/mnt/HDD10TB-2/aburatani/2025_03_aburatani_sam2/results/samurai/samurai_tiny/dancetrack0007.txt,/mnt/HDD10TB-2/aburatani/2025_03_aburatani_sam2/results/sam2_stateful_minimal/20260723T_sam2_minimal_25seq/samurai_mamba_stateful_tiny/dancetrack0007.txt,/mnt/HDD10TB-2/aburatani/2025_03_aburatani_sam2/results/sam2_stateful_minimal/20260723T_sam2_minimal_25seq/samurai_mamba_stateful_tiny/dancetrack0007_candidate_debug.csv,/mnt/HDD10TB-2/aburatani/TrackEval/data/gt/dancetrack/val/dancetrack0007/gt/gt.txt,epoch100.pth,verified_stateful_manifest
dancetrack0007,6,545,543,548,strong_stateful_improvement,0.9554022188633648,0.0,0.0,0.9923370314389413,0.0,0.0,1.0,0.9923370314389413,0.9923370314389413,1.0,1.0,0,,stateful mean IoU 0.992 vs SAM2 0.000; coverage@0.5 1.000 vs 0.000; SAMURAI mean IoU 0.000,/mnt/HDD10TB-2/aburatani/2025_03_aburatani_sam2/results/sam2/sam2_tiny/dancetrack0007.txt,/mnt/HDD10TB-2/aburatani/2025_03_aburatani_sam2/results/samurai/samurai_tiny/dancetrack0007.txt,/mnt/HDD10TB-2/aburatani/2025_03_aburatani_sam2/results/sam2_stateful_minimal/20260723T_sam2_minimal_25seq/samurai_mamba_stateful_tiny/dancetrack0007.txt,/mnt/HDD10TB-2/aburatani/2025_03_aburatani_sam2/results/sam2_stateful_minimal/20260723T_sam2_minimal_25seq/samurai_mamba_stateful_tiny/dancetrack0007_candidate_debug.csv,/mnt/HDD10TB-2/aburatani/TrackEval/data/gt/dancetrack/val/dancetrack0007/gt/gt.txt,epoch100.pth,verified_stateful_manifest
dancetrack0034,7,893,891,896,strong_stateful_improvement,0.9533680713543571,0.0,0.09834985170485344,0.9889467855905951,0.0,0.0,1.0,0.9889467855905951,0.8905969338857417,1.0,0.75,1,,stateful mean IoU 0.989 vs SAM2 0.000; coverage@0.5 1.000 vs 0.000; SAMURAI mean IoU 0.098,/mnt/HDD10TB-2/aburatani/2025_03_aburatani_sam2/results/sam2/sam2_tiny/dancetrack0034.txt,/mnt/HDD10TB-2/aburatani/2025_03_aburatani_sam2/results/samurai/samurai_tiny/dancetrack0034.txt,/mnt/HDD10TB-2/aburatani/2025_03_aburatani_sam2/results/sam2_stateful_minimal/20260723T_sam2_minimal_25seq/samurai_mamba_stateful_tiny/dancetrack0034.txt,/mnt/HDD10TB-2/aburatani/2025_03_aburatani_sam2/results/sam2_stateful_minimal/20260723T_sam2_minimal_25seq/samurai_mamba_stateful_tiny/dancetrack0034_candidate_debug.csv,/mnt/HDD10TB-2/aburatani/TrackEval/data/gt/dancetrack/val/dancetrack0034/gt/gt.txt,epoch100.pth,verified_stateful_manifest
dancetrack0004,1,1092,1090,1095,strong_stateful_improvement,0.9507417848064486,0.0,0.0,0.9845696413440809,0.0,0.0,1.0,0.9845696413440809,0.9845696413440809,1.0,1.0,0,,stateful mean IoU 0.985 vs SAM2 0.000; coverage@0.5 1.000 vs 0.000; SAMURAI mean IoU 0.000,/mnt/HDD10TB-2/aburatani/2025_03_aburatani_sam2/results/sam2/sam2_tiny/dancetrack0004.txt,/mnt/HDD10TB-2/aburatani/2025_03_aburatani_sam2/results/samurai/samurai_tiny/dancetrack0004.txt,/mnt/HDD10TB-2/aburatani/2025_03_aburatani_sam2/results/sam2_stateful_minimal/20260723T_sam2_minimal_25seq/samurai_mamba_stateful_tiny/dancetrack0004.txt,/mnt/HDD10TB-2/aburatani/2025_03_aburatani_sam2/results/sam2_stateful_minimal/20260723T_sam2_minimal_25seq/samurai_mamba_stateful_tiny/dancetrack0004_candidate_debug.csv,/mnt/HDD10TB-2/aburatani/TrackEval/data/gt/dancetrack/val/dancetrack0004/gt/gt.txt,epoch100.pth,verified_stateful_manifest
dancetrack0019,1,573,571,576,strong_stateful_improvement,0.9496280442309055,0.0,0.0,0.9827134070515093,0.0,0.0,1.0,0.9827134070515093,0.9827134070515093,1.0,1.0,0,,stateful mean IoU 0.983 vs SAM2 0.000; coverage@0.5 1.000 vs 0.000; SAMURAI mean IoU 0.000,/mnt/HDD10TB-2/aburatani/2025_03_aburatani_sam2/results/sam2/sam2_tiny/dancetrack0019.txt,/mnt/HDD10TB-2/aburatani/2025_03_aburatani_sam2/results/samurai/samurai_tiny/dancetrack0019.txt,/mnt/HDD10TB-2/aburatani/2025_03_aburatani_sam2/results/sam2_stateful_minimal/20260723T_sam2_minimal_25seq/samurai_mamba_stateful_tiny/dancetrack0019.txt,/mnt/HDD10TB-2/aburatani/2025_03_aburatani_sam2/results/sam2_stateful_minimal/20260723T_sam2_minimal_25seq/samurai_mamba_stateful_tiny/dancetrack0019_candidate_debug.csv,/mnt/HDD10TB-2/aburatani/TrackEval/data/gt/dancetrack/val/dancetrack0019/gt/gt.txt,epoch100.pth,verified_stateful_manifest
dancetrack0019,1,463,461,466,strong_stateful_improvement,0.9494702579625234,0.0,0.0,0.9824504299375388,0.0,0.0,1.0,0.9824504299375388,0.9824504299375388,1.0,0.9285714285714285,1,,stateful mean IoU 0.982 vs SAM2 0.000; coverage@0.5 1.000 vs 0.000; SAMURAI mean IoU 0.000,/mnt/HDD10TB-2/aburatani/2025_03_aburatani_sam2/results/sam2/sam2_tiny/dancetrack0019.txt,/mnt/HDD10TB-2/aburatani/2025_03_aburatani_sam2/results/samurai/samurai_tiny/dancetrack0019.txt,/mnt/HDD10TB-2/aburatani/2025_03_aburatani_sam2/results/sam2_stateful_minimal/20260723T_sam2_minimal_25seq/samurai_mamba_stateful_tiny/dancetrack0019.txt,/mnt/HDD10TB-2/aburatani/2025_03_aburatani_sam2/results/sam2_stateful_minimal/20260723T_sam2_minimal_25seq/samurai_mamba_stateful_tiny/dancetrack0019_candidate_debug.csv,/mnt/HDD10TB-2/aburatani/TrackEval/data/gt/dancetrack/val/dancetrack0019/gt/gt.txt,epoch100.pth,verified_stateful_manifest
dancetrack0019,1,674,672,677,strong_stateful_improvement,0.9493868983937837,0.0,0.0,0.9823114973229728,0.0,0.0,1.0,0.9823114973229728,0.9823114973229728,1.0,1.0,0,,stateful mean IoU 0.982 vs SAM2 0.000; coverage@0.5 1.000 vs 0.000; SAMURAI mean IoU 0.000,/mnt/HDD10TB-2/aburatani/2025_03_aburatani_sam2/results/sam2/sam2_tiny/dancetrack0019.txt,/mnt/HDD10TB-2/aburatani/2025_03_aburatani_sam2/results/samurai/samurai_tiny/dancetrack0019.txt,/mnt/HDD10TB-2/aburatani/2025_03_aburatani_sam2/results/sam2_stateful_minimal/20260723T_sam2_minimal_25seq/samurai_mamba_stateful_tiny/dancetrack0019.txt,/mnt/HDD10TB-2/aburatani/2025_03_aburatani_sam2/results/sam2_stateful_minimal/20260723T_sam2_minimal_25seq/samurai_mamba_stateful_tiny/dancetrack0019_candidate_debug.csv,/mnt/HDD10TB-2/aburatani/TrackEval/data/gt/dancetrack/val/dancetrack0019/gt/gt.txt,epoch100.pth,verified_stateful_manifest
dancetrack0007,6,562,560,565,strong_stateful_improvement,0.9493057457768006,0.0,0.0,0.9821762429613344,0.0,0.0,1.0,0.9821762429613344,0.9821762429613344,1.0,1.0,0,,stateful mean IoU 0.982 vs SAM2 0.000; coverage@0.5 1.000 vs 0.000; SAMURAI mean IoU 0.000,/mnt/HDD10TB-2/aburatani/2025_03_aburatani_sam2/results/sam2/sam2_tiny/dancetrack0007.txt,/mnt/HDD10TB-2/aburatani/2025_03_aburatani_sam2/results/samurai/samurai_tiny/dancetrack0007.txt,/mnt/HDD10TB-2/aburatani/2025_03_aburatani_sam2/results/sam2_stateful_minimal/20260723T_sam2_minimal_25seq/samurai_mamba_stateful_tiny/dancetrack0007.txt,/mnt/HDD10TB-2/aburatani/2025_03_aburatani_sam2/results/sam2_stateful_minimal/20260723T_sam2_minimal_25seq/samurai_mamba_stateful_tiny/dancetrack0007_candidate_debug.csv,/mnt/HDD10TB-2/aburatani/TrackEval/data/gt/dancetrack/val/dancetrack0007/gt/gt.txt,epoch100.pth,verified_stateful_manifest
dancetrack0034,11,583,581,586,strong_stateful_improvement,0.9492624509334913,0.0,0.0,0.9821040848891521,0.0,0.0,1.0,0.9821040848891521,0.9821040848891521,1.0,0.9285714285714285,1,,stateful mean IoU 0.982 vs SAM2 0.000; coverage@0.5 1.000 vs 0.000; SAMURAI mean IoU 0.000,/mnt/HDD10TB-2/aburatani/2025_03_aburatani_sam2/results/sam2/sam2_tiny/dancetrack0034.txt,/mnt/HDD10TB-2/aburatani/2025_03_aburatani_sam2/results/samurai/samurai_tiny/dancetrack0034.txt,/mnt/HDD10TB-2/aburatani/2025_03_aburatani_sam2/results/sam2_stateful_minimal/20260723T_sam2_minimal_25seq/samurai_mamba_stateful_tiny/dancetrack0034.txt,/mnt/HDD10TB-2/aburatani/2025_03_aburatani_sam2/results/sam2_stateful_minimal/20260723T_sam2_minimal_25seq/samurai_mamba_stateful_tiny/dancetrack0034_candidate_debug.csv,/mnt/HDD10TB-2/aburatani/TrackEval/data/gt/dancetrack/val/dancetrack0034/gt/gt.txt,epoch100.pth,verified_stateful_manifest
dancetrack0034,7,816,814,819,strong_stateful_improvement,0.9491272666873198,0.0,0.49691884633685984,0.9818787778121996,0.0,0.16666666666666666,1.0,0.9818787778121996,0.4849599314753397,1.0,1.0,0,,stateful mean IoU 0.982 vs SAM2 0.000; coverage@0.5 1.000 vs 0.000; SAMURAI mean IoU 0.497,/mnt/HDD10TB-2/aburatani/2025_03_aburatani_sam2/results/sam2/sam2_tiny/dancetrack0034.txt,/mnt/HDD10TB-2/aburatani/2025_03_aburatani_sam2/results/samurai/samurai_tiny/dancetrack0034.txt,/mnt/HDD10TB-2/aburatani/2025_03_aburatani_sam2/results/sam2_stateful_minimal/20260723T_sam2_minimal_25seq/samurai_mamba_stateful_tiny/dancetrack0034.txt,/mnt/HDD10TB-2/aburatani/2025_03_aburatani_sam2/results/sam2_stateful_minimal/20260723T_sam2_minimal_25seq/samurai_mamba_stateful_tiny/dancetrack0034_candidate_debug.csv,/mnt/HDD10TB-2/aburatani/TrackEval/data/gt/dancetrack/val/dancetrack0034/gt/gt.txt,epoch100.pth,verified_stateful_manifest
dancetrack0004,1,1077,1075,1080,strong_stateful_improvement,0.9489778082106561,0.0,0.0,0.9816296803510937,0.0,0.0,1.0,0.9816296803510937,0.9816296803510937,1.0,1.0,0,,stateful mean IoU 0.982 vs SAM2 0.000; coverage@0.5 1.000 vs 0.000; SAMURAI mean IoU 0.000,/mnt/HDD10TB-2/aburatani/2025_03_aburatani_sam2/results/sam2/sam2_tiny/dancetrack0004.txt,/mnt/HDD10TB-2/aburatani/2025_03_aburatani_sam2/results/samurai/samurai_tiny/dancetrack0004.txt,/mnt/HDD10TB-2/aburatani/2025_03_aburatani_sam2/results/sam2_stateful_minimal/20260723T_sam2_minimal_25seq/samurai_mamba_stateful_tiny/dancetrack0004.txt,/mnt/HDD10TB-2/aburatani/2025_03_aburatani_sam2/results/sam2_stateful_minimal/20260723T_sam2_minimal_25seq/samurai_mamba_stateful_tiny/dancetrack0004_candidate_debug.csv,/mnt/HDD10TB-2/aburatani/TrackEval/data/gt/dancetrack/val/dancetrack0004/gt/gt.txt,epoch100.pth,verified_stateful_manifest
dancetrack0019,1,651,649,654,strong_stateful_improvement,0.9489165517274785,0.0,0.0,0.981527586212464,0.0,0.0,1.0,0.981527586212464,0.981527586212464,1.0,1.0,0,,stateful mean IoU 0.982 vs SAM2 0.000; coverage@0.5 1.000 vs 0.000; SAMURAI mean IoU 0.000,/mnt/HDD10TB-2/aburatani/2025_03_aburatani_sam2/results/sam2/sam2_tiny/dancetrack0019.txt,/mnt/HDD10TB-2/aburatani/2025_03_aburatani_sam2/results/samurai/samurai_tiny/dancetrack0019.txt,/mnt/HDD10TB-2/aburatani/2025_03_aburatani_sam2/results/sam2_stateful_minimal/20260723T_sam2_minimal_25seq/samurai_mamba_stateful_tiny/dancetrack0019.txt,/mnt/HDD10TB-2/aburatani/2025_03_aburatani_sam2/results/sam2_stateful_minimal/20260723T_sam2_minimal_25seq/samurai_mamba_stateful_tiny/dancetrack0019_candidate_debug.csv,/mnt/HDD10TB-2/aburatani/TrackEval/data/gt/dancetrack/val/dancetrack0019/gt/gt.txt,epoch100.pth,verified_stateful_manifest
dancetrack0004,1,950,948,953,strong_stateful_improvement,0.9488982230610421,0.0,0.0,0.9814970384350703,0.0,0.0,1.0,0.9814970384350703,0.9814970384350703,1.0,1.0,0,,stateful mean IoU 0.981 vs SAM2 0.000; coverage@0.5 1.000 vs 0.000; SAMURAI mean IoU 0.000,/mnt/HDD10TB-2/aburatani/2025_03_aburatani_sam2/results/sam2/sam2_tiny/dancetrack0004.txt,/mnt/HDD10TB-2/aburatani/2025_03_aburatani_sam2/results/samurai/samurai_tiny/dancetrack0004.txt,/mnt/HDD10TB-2/aburatani/2025_03_aburatani_sam2/results/sam2_stateful_minimal/20260723T_sam2_minimal_25seq/samurai_mamba_stateful_tiny/dancetrack0004.txt,/mnt/HDD10TB-2/aburatani/2025_03_aburatani_sam2/results/sam2_stateful_minimal/20260723T_sam2_minimal_25seq/samurai_mamba_stateful_tiny/dancetrack0004_candidate_debug.csv,/mnt/HDD10TB-2/aburatani/TrackEval/data/gt/dancetrack/val/dancetrack0004/gt/gt.txt,epoch100.pth,verified_stateful_manifest
dancetrack0019,1,442,440,445,strong_stateful_improvement,0.9488775057470911,0.0,0.0,0.9814625095784849,0.0,0.0,1.0,0.9814625095784849,0.9814625095784849,1.0,1.0,0,,stateful mean IoU 0.981 vs SAM2 0.000; coverage@0.5 1.000 vs 0.000; SAMURAI mean IoU 0.000,/mnt/HDD10TB-2/aburatani/2025_03_aburatani_sam2/results/sam2/sam2_tiny/dancetrack0019.txt,/mnt/HDD10TB-2/aburatani/2025_03_aburatani_sam2/results/samurai/samurai_tiny/dancetrack0019.txt,/mnt/HDD10TB-2/aburatani/2025_03_aburatani_sam2/results/sam2_stateful_minimal/20260723T_sam2_minimal_25seq/samurai_mamba_stateful_tiny/dancetrack0019.txt,/mnt/HDD10TB-2/aburatani/2025_03_aburatani_sam2/results/sam2_stateful_minimal/20260723T_sam2_minimal_25seq/samurai_mamba_stateful_tiny/dancetrack0019_candidate_debug.csv,/mnt/HDD10TB-2/aburatani/TrackEval/data/gt/dancetrack/val/dancetrack0019/gt/gt.txt,epoch100.pth,verified_stateful_manifest
dancetrack0019,1,697,695,700,strong_stateful_improvement,0.948758141398133,0.0,0.0,0.9812635689968882,0.0,0.0,1.0,0.9812635689968882,0.9812635689968882,1.0,1.0,0,,stateful mean IoU 0.981 vs SAM2 0.000; coverage@0.5 1.000 vs 0.000; SAMURAI mean IoU 0.000,/mnt/HDD10TB-2/aburatani/2025_03_aburatani_sam2/results/sam2/sam2_tiny/dancetrack0019.txt,/mnt/HDD10TB-2/aburatani/2025_03_aburatani_sam2/results/samurai/samurai_tiny/dancetrack0019.txt,/mnt/HDD10TB-2/aburatani/2025_03_aburatani_sam2/results/sam2_stateful_minimal/20260723T_sam2_minimal_25seq/samurai_mamba_stateful_tiny/dancetrack0019.txt,/mnt/HDD10TB-2/aburatani/2025_03_aburatani_sam2/results/sam2_stateful_minimal/20260723T_sam2_minimal_25seq/samurai_mamba_stateful_tiny/dancetrack0019_candidate_debug.csv,/mnt/HDD10TB-2/aburatani/TrackEval/data/gt/dancetrack/val/dancetrack0019/gt/gt.txt,epoch100.pth,verified_stateful_manifest
dancetrack0007,6,705,703,708,strong_stateful_improvement,0.9483520538539985,0.0,0.0,0.9805867564233308,0.0,0.0,1.0,0.9805867564233308,0.9805867564233308,1.0,1.0,0,,stateful mean IoU 0.981 vs SAM2 0.000; coverage@0.5 1.000 vs 0.000; SAMURAI mean IoU 0.000,/mnt/HDD10TB-2/aburatani/2025_03_aburatani_sam2/results/sam2/sam2_tiny/dancetrack0007.txt,/mnt/HDD10TB-2/aburatani/2025_03_aburatani_sam2/results/samurai/samurai_tiny/dancetrack0007.txt,/mnt/HDD10TB-2/aburatani/2025_03_aburatani_sam2/results/sam2_stateful_minimal/20260723T_sam2_minimal_25seq/samurai_mamba_stateful_tiny/dancetrack0007.txt,/mnt/HDD10TB-2/aburatani/2025_03_aburatani_sam2/results/sam2_stateful_minimal/20260723T_sam2_minimal_25seq/samurai_mamba_stateful_tiny/dancetrack0007_candidate_debug.csv,/mnt/HDD10TB-2/aburatani/TrackEval/data/gt/dancetrack/val/dancetrack0007/gt/gt.txt,epoch100.pth,verified_stateful_manifest
dancetrack0019,1,621,619,624,strong_stateful_improvement,0.9481435302719483,0.0,0.0,0.9802392171199138,0.0,0.0,1.0,0.9802392171199138,0.9802392171199138,1.0,1.0,0,,stateful mean IoU 0.980 vs SAM2 0.000; coverage@0.5 1.000 vs 0.000; SAMURAI mean IoU 0.000,/mnt/HDD10TB-2/aburatani/2025_03_aburatani_sam2/results/sam2/sam2_tiny/dancetrack0019.txt,/mnt/HDD10TB-2/aburatani/2025_03_aburatani_sam2/results/samurai/samurai_tiny/dancetrack0019.txt,/mnt/HDD10TB-2/aburatani/2025_03_aburatani_sam2/results/sam2_stateful_minimal/20260723T_sam2_minimal_25seq/samurai_mamba_stateful_tiny/dancetrack0019.txt,/mnt/HDD10TB-2/aburatani/2025_03_aburatani_sam2/results/sam2_stateful_minimal/20260723T_sam2_minimal_25seq/samurai_mamba_stateful_tiny/dancetrack0019_candidate_debug.csv,/mnt/HDD10TB-2/aburatani/TrackEval/data/gt/dancetrack/val/dancetrack0019/gt/gt.txt,epoch100.pth,verified_stateful_manifest
dancetrack0034,0,501,499,504,strong_stateful_improvement,0.9480797890672219,0.0,0.0,0.980132981778703,0.0,0.0,1.0,0.980132981778703,0.980132981778703,1.0,0.9285714285714285,1,,stateful mean IoU 0.980 vs SAM2 0.000; coverage@0.5 1.000 vs 0.000; SAMURAI mean IoU 0.000,/mnt/HDD10TB-2/aburatani/2025_03_aburatani_sam2/results/sam2/sam2_tiny/dancetrack0034.txt,/mnt/HDD10TB-2/aburatani/2025_03_aburatani_sam2/results/samurai/samurai_tiny/dancetrack0034.txt,/mnt/HDD10TB-2/aburatani/2025_03_aburatani_sam2/results/sam2_stateful_minimal/20260723T_sam2_minimal_25seq/samurai_mamba_stateful_tiny/dancetrack0034.txt,/mnt/HDD10TB-2/aburatani/2025_03_aburatani_sam2/results/sam2_stateful_minimal/20260723T_sam2_minimal_25seq/samurai_mamba_stateful_tiny/dancetrack0034_candidate_debug.csv,/mnt/HDD10TB-2/aburatani/TrackEval/data/gt/dancetrack/val/dancetrack0034/gt/gt.txt,epoch100.pth,verified_stateful_manifest
dancetrack0019,1,507,505,510,strong_stateful_improvement,0.9478042249166334,0.0,0.0,0.979673708194389,0.0,0.0,1.0,0.979673708194389,0.979673708194389,1.0,1.0,0,,stateful mean IoU 0.980 vs SAM2 0.000; coverage@0.5 1.000 vs 0.000; SAMURAI mean IoU 0.000,/mnt/HDD10TB-2/aburatani/2025_03_aburatani_sam2/results/sam2/sam2_tiny/dancetrack0019.txt,/mnt/HDD10TB-2/aburatani/2025_03_aburatani_sam2/results/samurai/samurai_tiny/dancetrack0019.txt,/mnt/HDD10TB-2/aburatani/2025_03_aburatani_sam2/results/sam2_stateful_minimal/20260723T_sam2_minimal_25seq/samurai_mamba_stateful_tiny/dancetrack0019.txt,/mnt/HDD10TB-2/aburatani/2025_03_aburatani_sam2/results/sam2_stateful_minimal/20260723T_sam2_minimal_25seq/samurai_mamba_stateful_tiny/dancetrack0019_candidate_debug.csv,/mnt/HDD10TB-2/aburatani/TrackEval/data/gt/dancetrack/val/dancetrack0019/gt/gt.txt,epoch100.pth,verified_stateful_manifest
dancetrack0034,13,595,593,598,strong_stateful_improvement,0.9477434885729143,0.0,0.0,0.9795724809548573,0.0,0.0,1.0,0.9795724809548573,0.9795724809548573,1.0,0.9285714285714285,1,,stateful mean IoU 0.980 vs SAM2 0.000; coverage@0.5 1.000 vs 0.000; SAMURAI mean IoU 0.000,/mnt/HDD10TB-2/aburatani/2025_03_aburatani_sam2/results/sam2/sam2_tiny/dancetrack0034.txt,/mnt/HDD10TB-2/aburatani/2025_03_aburatani_sam2/results/samurai/samurai_tiny/dancetrack0034.txt,/mnt/HDD10TB-2/aburatani/2025_03_aburatani_sam2/results/sam2_stateful_minimal/20260723T_sam2_minimal_25seq/samurai_mamba_stateful_tiny/dancetrack0034.txt,/mnt/HDD10TB-2/aburatani/2025_03_aburatani_sam2/results/sam2_stateful_minimal/20260723T_sam2_minimal_25seq/samurai_mamba_stateful_tiny/dancetrack0034_candidate_debug.csv,/mnt/HDD10TB-2/aburatani/TrackEval/data/gt/dancetrack/val/dancetrack0034/gt/gt.txt,epoch100.pth,verified_stateful_manifest
dancetrack0004,1,908,906,911,strong_stateful_improvement,0.9476197671572735,0.0,0.0,0.9793662785954557,0.0,0.0,1.0,0.9793662785954557,0.9793662785954557,1.0,1.0,0,,stateful mean IoU 0.979 vs SAM2 0.000; coverage@0.5 1.000 vs 0.000; SAMURAI mean IoU 0.000,/mnt/HDD10TB-2/aburatani/2025_03_aburatani_sam2/results/sam2/sam2_tiny/dancetrack0004.txt,/mnt/HDD10TB-2/aburatani/2025_03_aburatani_sam2/results/samurai/samurai_tiny/dancetrack0004.txt,/mnt/HDD10TB-2/aburatani/2025_03_aburatani_sam2/results/sam2_stateful_minimal/20260723T_sam2_minimal_25seq/samurai_mamba_stateful_tiny/dancetrack0004.txt,/mnt/HDD10TB-2/aburatani/2025_03_aburatani_sam2/results/sam2_stateful_minimal/20260723T_sam2_minimal_25seq/samurai_mamba_stateful_tiny/dancetrack0004_candidate_debug.csv,/mnt/HDD10TB-2/aburatani/TrackEval/data/gt/dancetrack/val/dancetrack0004/gt/gt.txt,epoch100.pth,verified_stateful_manifest
dancetrack0034,7,863,861,866,strong_stateful_improvement,0.9475710491137128,0.0,0.46884947877406863,0.9792850818561879,0.0,0.0,1.0,0.9792850818561879,0.5104356030821193,1.0,0.9285714285714285,1,,stateful mean IoU 0.979 vs SAM2 0.000; coverage@0.5 1.000 vs 0.000; SAMURAI mean IoU 0.469,/mnt/HDD10TB-2/aburatani/2025_03_aburatani_sam2/results/sam2/sam2_tiny/dancetrack0034.txt,/mnt/HDD10TB-2/aburatani/2025_03_aburatani_sam2/results/samurai/samurai_tiny/dancetrack0034.txt,/mnt/HDD10TB-2/aburatani/2025_03_aburatani_sam2/results/sam2_stateful_minimal/20260723T_sam2_minimal_25seq/samurai_mamba_stateful_tiny/dancetrack0034.txt,/mnt/HDD10TB-2/aburatani/2025_03_aburatani_sam2/results/sam2_stateful_minimal/20260723T_sam2_minimal_25seq/samurai_mamba_stateful_tiny/dancetrack0034_candidate_debug.csv,/mnt/HDD10TB-2/aburatani/TrackEval/data/gt/dancetrack/val/dancetrack0034/gt/gt.txt,epoch100.pth,verified_stateful_manifest
dancetrack0007,6,587,585,590,strong_stateful_improvement,0.9475589430036118,0.0,0.0,0.9792649050060196,0.0,0.0,1.0,0.9792649050060196,0.9792649050060196,1.0,1.0,0,,stateful mean IoU 0.979 vs SAM2 0.000; coverage@0.5 1.000 vs 0.000; SAMURAI mean IoU 0.000,/mnt/HDD10TB-2/aburatani/2025_03_aburatani_sam2/results/sam2/sam2_tiny/dancetrack0007.txt,/mnt/HDD10TB-2/aburatani/2025_03_aburatani_sam2/results/samurai/samurai_tiny/dancetrack0007.txt,/mnt/HDD10TB-2/aburatani/2025_03_aburatani_sam2/results/sam2_stateful_minimal/20260723T_sam2_minimal_25seq/samurai_mamba_stateful_tiny/dancetrack0007.txt,/mnt/HDD10TB-2/aburatani/2025_03_aburatani_sam2/results/sam2_stateful_minimal/20260723T_sam2_minimal_25seq/samurai_mamba_stateful_tiny/dancetrack0007_candidate_debug.csv,/mnt/HDD10TB-2/aburatani/TrackEval/data/gt/dancetrack/val/dancetrack0007/gt/gt.txt,epoch100.pth,verified_stateful_manifest
dancetrack0019,0,1482,1480,1485,strong_stateful_improvement,0.9475144182333284,0.0035556589795363498,0.00354207239405328,0.9833389658650065,0.0,0.0,1.0,0.9797833068854701,0.9797968934709532,1.0,1.0,0,,stateful mean IoU 0.983 vs SAM2 0.004; coverage@0.5 1.000 vs 0.000; SAMURAI mean IoU 0.004,/mnt/HDD10TB-2/aburatani/2025_03_aburatani_sam2/results/sam2/sam2_tiny/dancetrack0019.txt,/mnt/HDD10TB-2/aburatani/2025_03_aburatani_sam2/results/samurai/samurai_tiny/dancetrack0019.txt,/mnt/HDD10TB-2/aburatani/2025_03_aburatani_sam2/results/sam2_stateful_minimal/20260723T_sam2_minimal_25seq/samurai_mamba_stateful_tiny/dancetrack0019.txt,/mnt/HDD10TB-2/aburatani/2025_03_aburatani_sam2/results/sam2_stateful_minimal/20260723T_sam2_minimal_25seq/samurai_mamba_stateful_tiny/dancetrack0019_candidate_debug.csv,/mnt/HDD10TB-2/aburatani/TrackEval/data/gt/dancetrack/val/dancetrack0019/gt/gt.txt,epoch100.pth,verified_stateful_manifest
dancetrack0034,13,799,797,802,strong_stateful_improvement,0.947489151988042,0.0,0.9796002893253165,0.9791485866467365,0.0,1.0,1.0,0.9791485866467365,-0.00045170267857996826,1.0,1.0,0,,stateful mean IoU 0.979 vs SAM2 0.000; coverage@0.5 1.000 vs 0.000; SAMURAI mean IoU 0.980,/mnt/HDD10TB-2/aburatani/2025_03_aburatani_sam2/results/sam2/sam2_tiny/dancetrack0034.txt,/mnt/HDD10TB-2/aburatani/2025_03_aburatani_sam2/results/samurai/samurai_tiny/dancetrack0034.txt,/mnt/HDD10TB-2/aburatani/2025_03_aburatani_sam2/results/sam2_stateful_minimal/20260723T_sam2_minimal_25seq/samurai_mamba_stateful_tiny/dancetrack0034.txt,/mnt/HDD10TB-2/aburatani/2025_03_aburatani_sam2/results/sam2_stateful_minimal/20260723T_sam2_minimal_25seq/samurai_mamba_stateful_tiny/dancetrack0034_candidate_debug.csv,/mnt/HDD10TB-2/aburatani/TrackEval/data/gt/dancetrack/val/dancetrack0034/gt/gt.txt,epoch100.pth,verified_stateful_manifest
dancetrack0004,1,967,965,970,strong_stateful_improvement,0.9468895935215751,0.0,0.0,0.9781493225359584,0.0,0.0,1.0,0.9781493225359584,0.9781493225359584,1.0,1.0,0,,stateful mean IoU 0.978 vs SAM2 0.000; coverage@0.5 1.000 vs 0.000; SAMURAI mean IoU 0.000,/mnt/HDD10TB-2/aburatani/2025_03_aburatani_sam2/results/sam2/sam2_tiny/dancetrack0004.txt,/mnt/HDD10TB-2/aburatani/2025_03_aburatani_sam2/results/samurai/samurai_tiny/dancetrack0004.txt,/mnt/HDD10TB-2/aburatani/2025_03_aburatani_sam2/results/sam2_stateful_minimal/20260723T_sam2_minimal_25seq/samurai_mamba_stateful_tiny/dancetrack0004.txt,/mnt/HDD10TB-2/aburatani/2025_03_aburatani_sam2/results/sam2_stateful_minimal/20260723T_sam2_minimal_25seq/samurai_mamba_stateful_tiny/dancetrack0004_candidate_debug.csv,/mnt/HDD10TB-2/aburatani/TrackEval/data/gt/dancetrack/val/dancetrack0004/gt/gt.txt,epoch100.pth,verified_stateful_manifest
dancetrack0034,7,879,877,882,strong_stateful_improvement,0.946408769404788,0.0,0.13262934058155326,0.9773479490079802,0.0,0.0,1.0,0.9773479490079802,0.8447186084264269,1.0,0.8690476190476191,1,,stateful mean IoU 0.977 vs SAM2 0.000; coverage@0.5 1.000 vs 0.000; SAMURAI mean IoU 0.133,/mnt/HDD10TB-2/aburatani/2025_03_aburatani_sam2/results/sam2/sam2_tiny/dancetrack0034.txt,/mnt/HDD10TB-2/aburatani/2025_03_aburatani_sam2/results/samurai/samurai_tiny/dancetrack0034.txt,/mnt/HDD10TB-2/aburatani/2025_03_aburatani_sam2/results/sam2_stateful_minimal/20260723T_sam2_minimal_25seq/samurai_mamba_stateful_tiny/dancetrack0034.txt,/mnt/HDD10TB-2/aburatani/2025_03_aburatani_sam2/results/sam2_stateful_minimal/20260723T_sam2_minimal_25seq/samurai_mamba_stateful_tiny/dancetrack0034_candidate_debug.csv,/mnt/HDD10TB-2/aburatani/TrackEval/data/gt/dancetrack/val/dancetrack0034/gt/gt.txt,epoch100.pth,verified_stateful_manifest
dancetrack0047,4,1192,1190,1195,strong_stateful_improvement,0.946336575809983,0.006854957759583812,0.002592757847247831,0.9852250770694863,0.0,0.0,1.0,0.9783701193099025,0.9826323192222384,1.0,1.0,0,,stateful mean IoU 0.985 vs SAM2 0.007; coverage@0.5 1.000 vs 0.000; SAMURAI mean IoU 0.003,/mnt/HDD10TB-2/aburatani/2025_03_aburatani_sam2/results/sam2/sam2_tiny/dancetrack0047.txt,/mnt/HDD10TB-2/aburatani/2025_03_aburatani_sam2/results/samurai/samurai_tiny/dancetrack0047.txt,/mnt/HDD10TB-2/aburatani/2025_03_aburatani_sam2/results/sam2_stateful_minimal/20260723T_sam2_minimal_25seq/samurai_mamba_stateful_tiny/dancetrack0047.txt,/mnt/HDD10TB-2/aburatani/2025_03_aburatani_sam2/results/sam2_stateful_minimal/20260723T_sam2_minimal_25seq/samurai_mamba_stateful_tiny/dancetrack0047_candidate_debug.csv,/mnt/HDD10TB-2/aburatani/TrackEval/data/gt/dancetrack/val/dancetrack0047/gt/gt.txt,epoch100.pth,verified_stateful_manifest
dancetrack0034,9,350,348,353,strong_stateful_improvement,0.9462553371339277,0.002177089471743498,0.6068134393946619,0.9796321662735804,0.0,0.3333333333333333,1.0,0.977455076801837,0.3728187268789185,1.0,1.0,0,,stateful mean IoU 0.980 vs SAM2 0.002; coverage@0.5 1.000 vs 0.000; SAMURAI mean IoU 0.607,/mnt/HDD10TB-2/aburatani/2025_03_aburatani_sam2/results/sam2/sam2_tiny/dancetrack0034.txt,/mnt/HDD10TB-2/aburatani/2025_03_aburatani_sam2/results/samurai/samurai_tiny/dancetrack0034.txt,/mnt/HDD10TB-2/aburatani/2025_03_aburatani_sam2/results/sam2_stateful_minimal/20260723T_sam2_minimal_25seq/samurai_mamba_stateful_tiny/dancetrack0034.txt,/mnt/HDD10TB-2/aburatani/2025_03_aburatani_sam2/results/sam2_stateful_minimal/20260723T_sam2_minimal_25seq/samurai_mamba_stateful_tiny/dancetrack0034_candidate_debug.csv,/mnt/HDD10TB-2/aburatani/TrackEval/data/gt/dancetrack/val/dancetrack0034/gt/gt.txt,epoch100.pth,verified_stateful_manifest
dancetrack0019,1,416,414,419,strong_stateful_improvement,0.9459329954157127,0.0,0.0,0.976554992359521,0.0,0.0,1.0,0.976554992359521,0.976554992359521,1.0,1.0,0,,stateful mean IoU 0.977 vs SAM2 0.000; coverage@0.5 1.000 vs 0.000; SAMURAI mean IoU 0.000,/mnt/HDD10TB-2/aburatani/2025_03_aburatani_sam2/results/sam2/sam2_tiny/dancetrack0019.txt,/mnt/HDD10TB-2/aburatani/2025_03_aburatani_sam2/results/samurai/samurai_tiny/dancetrack0019.txt,/mnt/HDD10TB-2/aburatani/2025_03_aburatani_sam2/results/sam2_stateful_minimal/20260723T_sam2_minimal_25seq/samurai_mamba_stateful_tiny/dancetrack0019.txt,/mnt/HDD10TB-2/aburatani/2025_03_aburatani_sam2/results/sam2_stateful_minimal/20260723T_sam2_minimal_25seq/samurai_mamba_stateful_tiny/dancetrack0019_candidate_debug.csv,/mnt/HDD10TB-2/aburatani/TrackEval/data/gt/dancetrack/val/dancetrack0019/gt/gt.txt,epoch100.pth,verified_stateful_manifest
